CMTE_ID,CMTE_NM,CAND_ID,CAND_NAME,CAND_OFFICE,CAND_STATE,CAND_OFFICE_DISTRICT,CAND_PTY_AFFILIATION,TRANSACTION_DT,TRANSACTION_AMT,TRANSACTION_TP,COMMUNICATION_TP,COMMUNICATION_CLASS,SUPPORT_OPPOSE_IND,IMAGE_NUM,LINE_NUM,FORM_TP_CD,SCHED_TP_CD,TRAN_ID,SUB_ID,FILE_NUM,RPT_YR,CAND_STATE_DESCRIPTION,CAND_PTY_AFFILIATION_DESCRIPTION,PURPOSE
"C70002472","AMERICAN FEDERATION OF TEACHERS, AFL-CIO","P80000722","BIDEN, JOSEPH R JR","P","US","00","DEM","20200701","5436","24F","O","M","S","http://docquery.fec.gov/cgi-bin/fecimg/?202010159295320206","","F7","F76","F76.4106","4111720201939449148","1452191","2020","UNITED STATES","Democratic Party",""
"C70002472","AMERICAN FEDERATION OF TEACHERS, AFL-CIO","P80000722","BIDEN, JOSEPH R JR","P","US","00","DEM","20200930","21830","24F","O","M","S","http://docquery.fec.gov/cgi-bin/fecimg/?202010159295320207","","F7","F76","F76.4104","4111720201939449150","1452191","2020","UNITED STATES","Democratic Party",""
"C70002472","AMERICAN FEDERATION OF TEACHERS, AFL-CIO","P80000722","BIDEN, JOSEPH R JR","P","US","00","DEM","20200927","3491.25","24F","TP","M","S","http://docquery.fec.gov/cgi-bin/fecimg/?202010159295320206","","F7","F76","F76.4101","4111720201939449149","1452191","2020","UNITED STATES","Democratic Party",""
"C70002563","NATIONAL ASSOCIATION OF REALTORS","H0NC09203","BROWN, LEIGH","H","NC","09","REP","20190418","6937.5","24F","DM","M","S","http://docquery.fec.gov/cgi-bin/fecimg/?201907119150552413","","F7","F76","EE59EF6E9977944BC83B","4071120191659298058","1338116","2019","NORTH CAROLINA","Republican Party",""
"C70002563","NATIONAL ASSOCIATION OF REALTORS","H0NC09203","BROWN, LEIGH","H","NC","09","REP","20190418","36161.84","24F","DM","M","S","http://docquery.fec.gov/cgi-bin/fecimg/?201907119150552413","","F7","F76","E49F0B30C662249D0A94","4071120191659298059","1338116","2019","NORTH CAROLINA","Republican Party",""
"C70002563","NATIONAL ASSOCIATION OF REALTORS","H0NC09203","BROWN, LEIGH","H","NC","09","REP","20190418","2962.1","24F","DM","M","S","http://docquery.fec.gov/cgi-bin/fecimg/?201907119150552414","","F7","F76","EE32F9C77E2A2486987B","4071120191659298060","1338116","2019","NORTH CAROLINA","Republican Party",""
"C70002563","NATIONAL ASSOCIATION OF REALTORS","H0NC09203","BROWN, LEIGH","H","NC","09","REP","20190418","5062.5","24F","DM","M","S","http://docquery.fec.gov/cgi-bin/fecimg/?201907119150552414","","F7","F76","E0E131BB8072B4AB5B97","4071120191659298061","1338116","2019","NORTH CAROLINA","Republican Party",""
"C70002563","NATIONAL ASSOCIATION OF REALTORS","H0PA12181","KELLER, FRED","H","PA","12","REP","20190515","365.45","24F","DM","M","S","http://docquery.fec.gov/cgi-bin/fecimg/?201907119150552414","","F7","F76","EDDC69F4A02FA4D9681E","4071120191659298062","1338116","2019","PENNSYLVANIA","Republican Party",""
"C70002563","NATIONAL ASSOCIATION OF REALTORS","H0PA12181","KELLER, FRED","H","PA","12","REP","20190515","225","24F","DM","M","S","http://docquery.fec.gov/cgi-bin/fecimg/?201907119150552414","","F7","F76","E5A4A553E421D4287BA4","4071120191659298063","1338116","2019","PENNSYLVANIA","Republican Party",""
"C70002563","NATIONAL ASSOCIATION OF REALTORS","H0PA12181","KELLER, FRED","H","PA","12","REP","20190515","934.26","24F","DM","M","S","http://docquery.fec.gov/cgi-bin/fecimg/?201907119150552414","","F7","F76","E9330FB7DCD41477CB2A","4071120191659298064","1338116","2019","PENNSYLVANIA","Republican Party",""
"C70002563","NATIONAL ASSOCIATION OF REALTORS","H2TX23082","CUELLAR, HENRY","H","TX","28","DEM","20200105","2400","24F","DM","M","S","http://docquery.fec.gov/cgi-bin/fecimg/?202004149216673229","","F7","F76","E65D9E00BB9244F7AB5D","4041420201735637148","1396415","2020","TEXAS","Democratic Party",""
"C70002563","NATIONAL ASSOCIATION OF REALTORS","H0WI07101","TIFFANY, TOM","H","WI","07","REP","20200105","1200","24F","DM","M","S","http://docquery.fec.gov/cgi-bin/fecimg/?202004149216673229","","F7","F76","EADFADBA8587246D4AB9","4041420201735637149","1396415","2020","WISCONSIN","Republican Party",""
"C70002563","NATIONAL ASSOCIATION OF REALTORS","H0WI07101","TIFFANY, TOM","H","WI","07","REP","20200108","420.95","24F","DM","M","S","http://docquery.fec.gov/cgi-bin/fecimg/?202004149216673230","","F7","F76","ECC643CB8F1064700A00","4041420201735637150","1396415","2020","WISCONSIN","Republican Party",""
"C70002563","NATIONAL ASSOCIATION OF REALTORS","H4CA20082","COSTA, JIM MR.","H","CA","16","DEM","20200110","3600","24F","DM","M","S","http://docquery.fec.gov/cgi-bin/fecimg/?202004149216673230","","F7","F76","E1950F33AD0A64E4F89A","4041420201735637151","1396415","2020","CALIFORNIA","Democratic Party",""
"C70002563","NATIONAL ASSOCIATION OF REALTORS","H4IL03077","LIPINSKI, DANIEL WILLIAM WILLIAM","H","IL","03","DEM","20200110","2400","24F","DM","M","S","http://docquery.fec.gov/cgi-bin/fecimg/?202004149216673230","","F7","F76","E44C1F53438394E4FB5F","4041420201735637152","1396415","2020","ILLINOIS","Democratic Party",""
"C70002563","NATIONAL ASSOCIATION OF REALTORS","S2TX00106","CORNYN, JOHN SEN","S","TX","00","REP","20200111","600","24F","DM","M","S","http://docquery.fec.gov/cgi-bin/fecimg/?202004149216673230","","F7","F76","EADEC7D05D18F4162ADF","4041420201735637153","1396415","2020","TEXAS","Republican Party",""
"C70002563","NATIONAL ASSOCIATION OF REALTORS","H4CA20082","COSTA, JIM MR.","H","CA","16","DEM","20200115","3600","24F","DM","M","S","http://docquery.fec.gov/cgi-bin/fecimg/?202004149216673230","","F7","F76","EAD2DC8DA7B5745A9B64","4041420201735637154","1396415","2020","CALIFORNIA","Democratic Party",""
"C70002563","NATIONAL ASSOCIATION OF REALTORS","H8CA45130","PORTER, KATHERINE","H","CA","45","DEM","20200115","2400","24F","DM","M","S","http://docquery.fec.gov/cgi-bin/fecimg/?202004149216673231","","F7","F76","E1A187945D1BF46BBA27","4041420201735637155","1396415","2020","CALIFORNIA","Democratic Party",""
"C70002563","NATIONAL ASSOCIATION OF REALTORS","H6TX12060","GRANGER, KAY","H","TX","12","REP","20200116","745.62","24F","DM","M","S","http://docquery.fec.gov/cgi-bin/fecimg/?202004149216673231","","F7","F76","E7D445FFBC3CB4AC482E","4041420201735637156","1396415","2020","TEXAS","Republican Party",""
"C70002563","NATIONAL ASSOCIATION OF REALTORS","H8CA45130","PORTER, KATHERINE","H","CA","45","DEM","20200116","420.45","24F","DM","M","S","http://docquery.fec.gov/cgi-bin/fecimg/?202004149216673231","","F7","F76","E5547861422394613B4D","4041420201735637157","1396415","2020","CALIFORNIA","Democratic Party",""
"C70002563","NATIONAL ASSOCIATION OF REALTORS","H4CA20082","COSTA, JIM MR.","H","CA","16","DEM","20200116","398.55","24F","DM","M","S","http://docquery.fec.gov/cgi-bin/fecimg/?202004149216673231","","F7","F76","EC9FC34FB61024C0EB81","4041420201735637158","1396415","2020","CALIFORNIA","Democratic Party",""
"C70002563","NATIONAL ASSOCIATION OF REALTORS","S2TX00106","CORNYN, JOHN SEN","S","TX","00","REP","20200116","7148.55","24F","DM","M","S","http://docquery.fec.gov/cgi-bin/fecimg/?202004149216673231","","F7","F76","E8C7912ED90954311A4C","4041420201735637159","1396415","2020","TEXAS","Republican Party",""
"C70002563","NATIONAL ASSOCIATION OF REALTORS","H2TX23082","CUELLAR, HENRY","H","TX","28","DEM","20200116","399.39","24F","DM","M","S","http://docquery.fec.gov/cgi-bin/fecimg/?202004149216673232","","F7","F76","E2118708705D8491D9AF","4041420201735637160","1396415","2020","TEXAS","Democratic Party",""
"C70002563","NATIONAL ASSOCIATION OF REALTORS","H4IL03077","LIPINSKI, DANIEL WILLIAM WILLIAM","H","IL","03","DEM","20200116","417.75","24F","DM","M","S","http://docquery.fec.gov/cgi-bin/fecimg/?202004149216673232","","F7","F76","EAEE93ED1C22F4FBDAEC","4041420201735637161","1396415","2020","ILLINOIS","Democratic Party",""
"C70002563","NATIONAL ASSOCIATION OF REALTORS","H0CA08135","OBERNOLTE, JAY","H","CA","08","REP","20200201","2400","24F","DM","M","S","http://docquery.fec.gov/cgi-bin/fecimg/?202004149216673232","","F7","F76","EC8072B8E29014FC8875","4041420201735637162","1396415","2020","CALIFORNIA","Republican Party",""
"C70002563","NATIONAL ASSOCIATION OF REALTORS","H0CA08135","OBERNOLTE, JAY","H","CA","08","REP","20200211","464.25","24F","DM","M","S","http://docquery.fec.gov/cgi-bin/fecimg/?202004149216673232","","F7","F76","E5C9D8AC25F1140FB9B5","4041420201735637163","1396415","2020","CALIFORNIA","Republican Party",""
"C70002563","NATIONAL ASSOCIATION OF REALTORS","H0WI07101","TIFFANY, TOM","H","WI","07","REP","20200213","2422.42","24F","DM","M","S","http://docquery.fec.gov/cgi-bin/fecimg/?202004149216673232","","F7","F76","EAB9C93E5AB9941A0959","4041420201735637164","1396415","2020","WISCONSIN","Republican Party",""
"C70002563","NATIONAL ASSOCIATION OF REALTORS","H4CA20082","COSTA, JIM MR.","H","CA","16","DEM","20200214","6665.55","24F","DM","M","S","http://docquery.fec.gov/cgi-bin/fecimg/?202004149216673233","","F7","F76","ECC53E682F927475EBFF","4041420201735637165","1396415","2020","CALIFORNIA","Democratic Party",""
"C70002563","NATIONAL ASSOCIATION OF REALTORS","H4IL03077","LIPINSKI, DANIEL WILLIAM WILLIAM","H","IL","03","DEM","20200217","10459.86","24F","DM","M","S","http://docquery.fec.gov/cgi-bin/fecimg/?202004149216673233","","F7","F76","E165C9BE8D5394697811","4041420201735637166","1396415","2020","ILLINOIS","Democratic Party",""
"C70002563","NATIONAL ASSOCIATION OF REALTORS","H2TX23082","CUELLAR, HENRY","H","TX","28","DEM","20200219","6830.11","24F","DM","M","S","http://docquery.fec.gov/cgi-bin/fecimg/?202004149216673233","","F7","F76","E7873336664E44DB48CA","4041420201735637167","1396415","2020","TEXAS","Democratic Party",""
"C70002563","NATIONAL ASSOCIATION OF REALTORS","H6TX12060","GRANGER, KAY","H","TX","12","REP","20200219","19733.04","24F","DM","M","S","http://docquery.fec.gov/cgi-bin/fecimg/?202004149216673233","","F7","F76","EBCF000939F0849FEA33","4041420201735637168","1396415","2020","TEXAS","Republican Party",""
"C70002563","NATIONAL ASSOCIATION OF REALTORS","H8CA45130","PORTER, KATHERINE","H","CA","45","DEM","20200224","7440.42","24F","DM","M","S","http://docquery.fec.gov/cgi-bin/fecimg/?202004149216673233","","F7","F76","E10264821632445698F5","4041420201735637169","1396415","2020","CALIFORNIA","Democratic Party",""
"C70002563","NATIONAL ASSOCIATION OF REALTORS","H0CA08135","OBERNOLTE, JAY","H","CA","08","REP","20200224","4522.26","24F","DM","M","S","http://docquery.fec.gov/cgi-bin/fecimg/?202004149216673234","","F7","F76","ED21ADA53D3DB4D1980C","4041420201735637170","1396415","2020","CALIFORNIA","Republican Party",""
"C70002563","NATIONAL ASSOCIATION OF REALTORS","S2TX00106","CORNYN, JOHN SEN","S","TX","00","REP","20200228","15482.76","24F","DM","M","S","http://docquery.fec.gov/cgi-bin/fecimg/?202004149216673234","","F7","F76","E73427B4EC9194909AB6","4041420201735637171","1396415","2020","TEXAS","Republican Party",""
"C70002563","NATIONAL ASSOCIATION OF REALTORS","H0CA25154","SMITH, CHRISTY","H","CA","25","DEM","20200422","2400","24F","DM","M","S","http://docquery.fec.gov/cgi-bin/fecimg/?202007159244654789","","F7","F76","EEC0EA7273E7C41AEA49","4071520201790613148","1422357","2020","CALIFORNIA","Democratic Party",""
"C70002563","NATIONAL ASSOCIATION OF REALTORS","H0CA25154","SMITH, CHRISTY","H","CA","25","DEM","20200422","409.85","24F","DM","M","S","http://docquery.fec.gov/cgi-bin/fecimg/?202007159244654789","","F7","F76","EA94127EF73194F488B7","4071520201790613149","1422357","2020","CALIFORNIA","Democratic Party",""
"C70002563","NATIONAL ASSOCIATION OF REALTORS","H0CA25154","SMITH, CHRISTY","H","CA","25","DEM","20200422","10560.94","24F","DM","M","S","http://docquery.fec.gov/cgi-bin/fecimg/?202007159244654790","","F7","F76","EA5508E74C2D44E5F9B3","4071520201790613150","1422357","2020","CALIFORNIA","Democratic Party",""
"C70002563","NATIONAL ASSOCIATION OF REALTORS","H0IA04145","FEENSTRA, RANDALL","H","IA","04","REP","20200423","389.15","24F","DM","M","S","http://docquery.fec.gov/cgi-bin/fecimg/?202007159244654790","","F7","F76","E9916F3BBE795437DB6E","4071520201790613151","1422357","2020","IOWA","Republican Party",""
"C70002563","NATIONAL ASSOCIATION OF REALTORS","H0IA04145","FEENSTRA, RANDALL","H","IA","04","REP","20200423","2400","24F","DM","M","S","http://docquery.fec.gov/cgi-bin/fecimg/?202007159244654790","","F7","F76","EE9B5D4229EEF4837A3E","4071520201790613152","1422357","2020","IOWA","Republican Party",""
"C70002563","NATIONAL ASSOCIATION OF REALTORS","H0IA04145","FEENSTRA, RANDALL","H","IA","04","REP","20200423","9926.06","24F","DM","M","S","http://docquery.fec.gov/cgi-bin/fecimg/?202007159244654790","","F7","F76","E107ED5306EF34818A8F","4071520201790613153","1422357","2020","IOWA","Republican Party",""
"C70002563","NATIONAL ASSOCIATION OF REALTORS","H8OR05107","SCHRADER, KURT","H","OR","05","DEM","20200428","4451.88","24F","DM","M","S","http://docquery.fec.gov/cgi-bin/fecimg/?202007159244654790","","F7","F76","E385A4DC09DD64BA2BE9","4071520201790613154","1422357","2020","OREGON","Democratic Party",""
"C70002563","NATIONAL ASSOCIATION OF REALTORS","H8OR05107","SCHRADER, KURT","H","OR","05","DEM","20200428","404.95","24F","DM","M","S","http://docquery.fec.gov/cgi-bin/fecimg/?202007159244654791","","F7","F76","E555E2EDD11304AB8972","4071520201790613155","1422357","2020","OREGON","Democratic Party",""
"C70002563","NATIONAL ASSOCIATION OF REALTORS","H8OR05107","SCHRADER, KURT","H","OR","05","DEM","20200428","1200","24F","DM","M","S","http://docquery.fec.gov/cgi-bin/fecimg/?202007159244654791","","F7","F76","E3138ACC4FFAA4A6D919","4071520201790613156","1422357","2020","OREGON","Democratic Party",""
"C70002563","NATIONAL ASSOCIATION OF REALTORS","H2GA13012","SCOTT, DAVID ALBERT","H","GA","13","DEM","20200512","463.95","24F","DM","M","S","http://docquery.fec.gov/cgi-bin/fecimg/?202007159244654791","","F7","F76","EC0A69D4DA1CA4DE48A6","4071520201790613157","1422357","2020","GEORGIA","Democratic Party",""
"C70002563","NATIONAL ASSOCIATION OF REALTORS","H2GA13012","SCOTT, DAVID ALBERT","H","GA","13","DEM","20200512","2400","24F","DM","M","S","http://docquery.fec.gov/cgi-bin/fecimg/?202007159244654791","","F7","F76","E765F703C216241C7912","4071520201790613158","1422357","2020","GEORGIA","Democratic Party",""
"C70002563","NATIONAL ASSOCIATION OF REALTORS","H2GA13012","SCOTT, DAVID ALBERT","H","GA","13","DEM","20200512","9766.1","24F","DM","M","S","http://docquery.fec.gov/cgi-bin/fecimg/?202007159244654791","","F7","F76","E46247536D6E94C269E5","4071520201790613159","1422357","2020","GEORGIA","Democratic Party",""
"C70002563","NATIONAL ASSOCIATION OF REALTORS","H2TX03126","SESSIONS, PETE","H","TX","17","REP","20200624","1200","24F","DM","M","S","http://docquery.fec.gov/cgi-bin/fecimg/?202007159244654792","","F7","F76","E8EB7C87289A14BE19AE","4071520201790613160","1422357","2020","TEXAS","Republican Party",""
"C70002563","NATIONAL ASSOCIATION OF REALTORS","H2TX03126","SESSIONS, PETE","H","TX","17","REP","20200624","4348.22","24F","DM","M","S","http://docquery.fec.gov/cgi-bin/fecimg/?202007159244654792","","F7","F76","EB8FACFA0266C427797E","4071520201790613161","1422357","2020","TEXAS","Republican Party",""
"C70002563","NATIONAL ASSOCIATION OF REALTORS","H2TX03126","SESSIONS, PETE","H","TX","17","REP","20200624","485.15","24F","DM","M","S","http://docquery.fec.gov/cgi-bin/fecimg/?202007159244654792","","F7","F76","E6C5B720D0050460489D","4071520201790613162","1422357","2020","TEXAS","Republican Party",""
"C70002563","NATIONAL ASSOCIATION OF REALTORS","H0TX13129","WINEGARNER, JOSH","H","TX","13","REP","20200626","2561.08","24F","DM","M","S","http://docquery.fec.gov/cgi-bin/fecimg/?202007159244654792","","F7","F76","EB53AD40B51E14C8BA97","4071520201790613163","1422357","2020","TEXAS","Republican Party",""
"C70002563","NATIONAL ASSOCIATION OF REALTORS","H0TX13129","WINEGARNER, JOSH","H","TX","13","REP","20200626","960","24F","DM","M","S","http://docquery.fec.gov/cgi-bin/fecimg/?202007159244654792","","F7","F76","EAB7592B56A34415E961","4071520201790613164","1422357","2020","TEXAS","Republican Party",""
"C70002563","NATIONAL ASSOCIATION OF REALTORS","H0TX13129","WINEGARNER, JOSH","H","TX","13","REP","20200626","446.15","24F","DM","M","S","http://docquery.fec.gov/cgi-bin/fecimg/?202007159244654793","","F7","F76","E337FF771DB66448DBD5","4071520201790613165","1422357","2020","TEXAS","Republican Party",""
"C70002563","NATIONAL ASSOCIATION OF REALTORS","H0TX13129","WINEGARNER, JOSH","H","TX","13","REP","20200701","1800","24F","DM","M","S","http://docquery.fec.gov/cgi-bin/fecimg/?202010149285801838","","F7","F76","E2580A3773013472A800","4110520201890743149","1447933","2020","TEXAS","Republican Party",""
"C70002563","NATIONAL ASSOCIATION OF REALTORS","H0MA04168","GROSSMAN, REBECCA WALKER","H","MA","04","DEM","20200803","534.45","24F","DM","M","S","http://docquery.fec.gov/cgi-bin/fecimg/?202010149285801840","","F7","F76","E17A4D3C00B8848EC9DE","4110520201890743155","1447933","2020","MASSACHUSETTS","Democratic Party",""
"C70002563","NATIONAL ASSOCIATION OF REALTORS","H0MA04168","GROSSMAN, REBECCA WALKER","H","MA","04","DEM","20200803","3000","24F","DM","M","S","http://docquery.fec.gov/cgi-bin/fecimg/?202010149285801840","","F7","F76","EC68DEA494ACF408A995","4110520201890743156","1447933","2020","MASSACHUSETTS","Democratic Party",""
"C70002563","NATIONAL ASSOCIATION OF REALTORS","H8MA02041","NEAL, RICHARD E MR.","H","MA","01","DEM","20200803","3000","24F","DM","M","S","http://docquery.fec.gov/cgi-bin/fecimg/?202010149285801840","","F7","F76","E460B2EA0B81F43D1854","4110520201890743157","1447933","2020","MASSACHUSETTS","Democratic Party",""
"C70002563","NATIONAL ASSOCIATION OF REALTORS","H8MA02041","NEAL, RICHARD E MR.","H","MA","01","DEM","20200803","449.75","24F","DM","M","S","http://docquery.fec.gov/cgi-bin/fecimg/?202010149285801840","","F7","F76","E5D8B1F13C1B3429F83B","4110520201890743158","1447933","2020","MASSACHUSETTS","Democratic Party",""
"C70002563","NATIONAL ASSOCIATION OF REALTORS","H0MA04168","GROSSMAN, REBECCA WALKER","H","MA","04","DEM","20200803","14313.84","24F","DM","M","S","http://docquery.fec.gov/cgi-bin/fecimg/?202010149285801840","","F7","F76","EA1D7A9D8EA064880BDB","4110520201890743159","1447933","2020","MASSACHUSETTS","Democratic Party",""
"C70002563","NATIONAL ASSOCIATION OF REALTORS","H8MA02041","NEAL, RICHARD E MR.","H","MA","01","DEM","20200803","18451.78","24F","DM","M","S","http://docquery.fec.gov/cgi-bin/fecimg/?202010149285801841","","F7","F76","E59C8FBBBB3974F05B08","4110520201890743160","1447933","2020","MASSACHUSETTS","Democratic Party",""
"C70002563","NATIONAL ASSOCIATION OF REALTORS","H8FL15107","POSEY, BILL","H","FL","08","REP","20200804","588.15","24F","DM","M","S","http://docquery.fec.gov/cgi-bin/fecimg/?202010149285801841","","F7","F76","E04057F5F85914F13AA8","4110520201890743161","1447933","2020","FLORIDA","Republican Party",""
"C70002563","NATIONAL ASSOCIATION OF REALTORS","H8FL15107","POSEY, BILL","H","FL","08","REP","20200804","22614.71","24F","DM","M","S","http://docquery.fec.gov/cgi-bin/fecimg/?202010149285801841","","F7","F76","E7147427E1A994C309AE","4110520201890743162","1447933","2020","FLORIDA","Republican Party",""
"C70002563","NATIONAL ASSOCIATION OF REALTORS","H0TX13129","WINEGARNER, JOSH","H","TX","13","REP","20200701","8410.61","24F","DM","M","S","http://docquery.fec.gov/cgi-bin/fecimg/?202010149285801838","","F7","F76","EB64656D6DD2E4407881","4110520201890743148","1447933","2020","TEXAS","Republican Party",""
"C70002563","NATIONAL ASSOCIATION OF REALTORS","S4GA11285","PERDUE, DAVID","S","GA","00","REP","20200928","2960.05","24F","DM","M","S","http://docquery.fec.gov/cgi-bin/fecimg/?202010149285801846","","F7","F76","E6C0CB06060314AB1B2F","4110520201890743189","1447933","2020","GEORGIA","Republican Party",""
"C70002563","NATIONAL ASSOCIATION OF REALTORS","S4NC00162","TILLIS, THOM R. SEN.","S","NC","00","REP","20200928","3222.85","24F","DM","M","S","http://docquery.fec.gov/cgi-bin/fecimg/?202010149285801847","","F7","F76","E61BD015C16D346A09A2","4110520201890743190","1447933","2020","NORTH CAROLINA","Republican Party",""
"C70002563","NATIONAL ASSOCIATION OF REALTORS","S4CO00395","GARDNER, CORY","S","CO","00","REP","20200928","600","24F","DM","M","S","http://docquery.fec.gov/cgi-bin/fecimg/?202010149285801847","","F7","F76","E92C72B1244584819B85","4110520201890743191","1447933","2020","COLORADO","Republican Party",""
"C70002563","NATIONAL ASSOCIATION OF REALTORS","S0SC00149","GRAHAM, LINDSEY O.","S","SC","00","REP","20200928","35532.66","24F","DM","M","S","http://docquery.fec.gov/cgi-bin/fecimg/?202010149285801847","","F7","F76","EE35DD2A665A2440DB75","4110520201890743192","1447933","2020","SOUTH CAROLINA","Republican Party",""
"C70002563","NATIONAL ASSOCIATION OF REALTORS","S4CO00395","GARDNER, CORY","S","CO","00","REP","20200928","16933.58","24F","DM","M","S","http://docquery.fec.gov/cgi-bin/fecimg/?202010149285801847","","F7","F76","EB17545B5709C48FFACE","4110520201890743193","1447933","2020","COLORADO","Republican Party",""
"C70002563","NATIONAL ASSOCIATION OF REALTORS","S0SC00149","GRAHAM, LINDSEY O.","S","SC","00","REP","20200928","600","24F","DM","M","S","http://docquery.fec.gov/cgi-bin/fecimg/?202010149285801847","","F7","F76","E5E96085CA9C746B9A40","4110520201890743194","1447933","2020","SOUTH CAROLINA","Republican Party",""
"C70002563","NATIONAL ASSOCIATION OF REALTORS","S4CO00395","GARDNER, CORY","S","CO","00","REP","20200928","1927.65","24F","DM","M","S","http://docquery.fec.gov/cgi-bin/fecimg/?202010149285801848","","F7","F76","E402EF59E3F564FC1BAF","4110520201890743195","1447933","2020","COLORADO","Republican Party",""
"C70002563","NATIONAL ASSOCIATION OF REALTORS","S8AZ00221","MCSALLY, MARTHA","S","AZ","00","REP","20200928","32142.38","24F","DM","M","S","http://docquery.fec.gov/cgi-bin/fecimg/?202010149285801848","","F7","F76","E88B34FACB2274FA8935","4110520201890743196","1447933","2020","ARIZONA","Republican Party",""
"C70002563","NATIONAL ASSOCIATION OF REALTORS","S0SC00149","GRAHAM, LINDSEY O.","S","SC","00","REP","20200928","2540.75","24F","DM","M","S","http://docquery.fec.gov/cgi-bin/fecimg/?202010149285801848","","F7","F76","E27CCE7B1BF4648089DB","4110520201890743197","1447933","2020","SOUTH CAROLINA","Republican Party",""
"C70002563","NATIONAL ASSOCIATION OF REALTORS","H6NE02125","BACON, DONALD J","H","NE","02","REP","20200928","600","24F","DM","M","S","http://docquery.fec.gov/cgi-bin/fecimg/?202010149285801848","","F7","F76","EF11ABB67380E42CEACB","4110520201890743198","1447933","2020","NEBRASKA","Republican Party",""
"C70002563","NATIONAL ASSOCIATION OF REALTORS","S8AZ00221","MCSALLY, MARTHA","S","AZ","00","REP","20200928","3733.45","24F","DM","M","S","http://docquery.fec.gov/cgi-bin/fecimg/?202010149285801848","","F7","F76","E5085E052C1044B00A37","4110520201890743199","1447933","2020","ARIZONA","Republican Party",""
"C70002563","NATIONAL ASSOCIATION OF REALTORS","S4NC00162","TILLIS, THOM R. SEN.","S","NC","00","REP","20200928","29007.76","24F","DM","M","S","http://docquery.fec.gov/cgi-bin/fecimg/?202010149285801849","","F7","F76","E4C81FD015FB147E9A06","4110520201890743200","1447933","2020","NORTH CAROLINA","Republican Party",""
"C70002563","NATIONAL ASSOCIATION OF REALTORS","S4NC00162","TILLIS, THOM R. SEN.","S","NC","00","REP","20200928","600","24F","DM","M","S","http://docquery.fec.gov/cgi-bin/fecimg/?202010149285801849","","F7","F76","E33789398A59543E9A59","4110520201890743201","1447933","2020","NORTH CAROLINA","Republican Party",""
"C70002563","NATIONAL ASSOCIATION OF REALTORS","S4GA11285","PERDUE, DAVID","S","GA","00","REP","20200928","600","24F","DM","M","S","http://docquery.fec.gov/cgi-bin/fecimg/?202010149285801849","","F7","F76","ED96F70429A544B38B29","4110520201890743202","1447933","2020","GEORGIA","Republican Party",""
"C70002563","NATIONAL ASSOCIATION OF REALTORS","S4IA00129","ERNST, JONI K","S","IA","00","REP","20200928","600","24F","DM","M","S","http://docquery.fec.gov/cgi-bin/fecimg/?202010149285801849","","F7","F76","ECAADB47074954355A20","4110520201890743204","1447933","2020","IOWA","Republican Party",""
"C70002563","NATIONAL ASSOCIATION OF REALTORS","H6NE02125","BACON, DONALD J","H","NE","02","REP","20200928","2758.53","24F","DM","M","S","http://docquery.fec.gov/cgi-bin/fecimg/?202010149285801850","","F7","F76","E88FB1A4724714E01974","4110520201890743205","1447933","2020","NEBRASKA","Republican Party",""
"C70002563","NATIONAL ASSOCIATION OF REALTORS","H8UT04053","MCADAMS, BEN","H","UT","04","DEM","20200928","391.75","24F","DM","M","S","http://docquery.fec.gov/cgi-bin/fecimg/?202010149285801850","","F7","F76","E5EE883BD68324A37973","4110520201890743208","1447933","2020","UTAH","Democratic Party",""
"C70002563","NATIONAL ASSOCIATION OF REALTORS","S4IA00129","ERNST, JONI K","S","IA","00","REP","20200928","8035.66","24F","DM","M","S","http://docquery.fec.gov/cgi-bin/fecimg/?202010149285801850","","F7","F76","EC50C4FD29A194ACC9F4","4110520201890743209","1447933","2020","IOWA","Republican Party",""
"C70002563","NATIONAL ASSOCIATION OF REALTORS","H8UT04053","MCADAMS, BEN","H","UT","04","DEM","20200928","1371.67","24F","DM","M","S","http://docquery.fec.gov/cgi-bin/fecimg/?202010149285801851","","F7","F76","EA9D4DA123EC84D73B7B","4110520201890743210","1447933","2020","UTAH","Democratic Party",""
"C70002563","NATIONAL ASSOCIATION OF REALTORS","H8UT04053","MCADAMS, BEN","H","UT","04","DEM","20200928","600","24F","DM","M","S","http://docquery.fec.gov/cgi-bin/fecimg/?202010149285801851","","F7","F76","ED509A8AE01C845789A5","4110520201890743211","1447933","2020","UTAH","Democratic Party",""
"C70002563","NATIONAL ASSOCIATION OF REALTORS","H2IL13120","DAVIS, RODNEY L","H","IL","13","REP","20200928","1232.99","24F","DM","M","S","http://docquery.fec.gov/cgi-bin/fecimg/?202010149285801851","","F7","F76","E2D15AFC36141457B88F","4110520201890743212","1447933","2020","ILLINOIS","Republican Party",""
"C70002563","NATIONAL ASSOCIATION OF REALTORS","S2MT00096","DAINES, STEVE","S","MT","00","REP","20200928","634.25","24F","DM","M","S","http://docquery.fec.gov/cgi-bin/fecimg/?202010149285801851","","F7","F76","E67219036D2194D5D95D","4110520201890743213","1447933","2020","MONTANA","Republican Party",""
"C70002563","NATIONAL ASSOCIATION OF REALTORS","S4IA00129","ERNST, JONI K","S","IA","00","REP","20200928","778.25","24F","DM","M","S","http://docquery.fec.gov/cgi-bin/fecimg/?202010149285801851","","F7","F76","E33E935B8D74B496D943","4110520201890743214","1447933","2020","IOWA","Republican Party",""
"C70002563","NATIONAL ASSOCIATION OF REALTORS","H8FL15107","POSEY, BILL","H","FL","08","REP","20200804","1200","24F","DM","M","S","http://docquery.fec.gov/cgi-bin/fecimg/?202010149285801841","","F7","F76","E47D708CF91C142458D3","4110520201890743163","1447933","2020","FLORIDA","Republican Party",""
"C70002563","NATIONAL ASSOCIATION OF REALTORS","S0DE00092","COONS, CHRISTOPHER A.","S","DE","00","DEM","20200831","600","24F","DM","M","S","http://docquery.fec.gov/cgi-bin/fecimg/?202010149285801841","","F7","F76","E9F90C96D04A54B3FA54","4110520201890743164","1447933","2020","DELAWARE","Democratic Party",""
"C70002563","NATIONAL ASSOCIATION OF REALTORS","S0DE00092","COONS, CHRISTOPHER A.","S","DE","00","DEM","20200831","433.25","24F","DM","M","S","http://docquery.fec.gov/cgi-bin/fecimg/?202010149285801842","","F7","F76","EAD444D44A2284D9999E","4110520201890743165","1447933","2020","DELAWARE","Democratic Party",""
"C70002563","NATIONAL ASSOCIATION OF REALTORS","S0DE00092","COONS, CHRISTOPHER A.","S","DE","00","DEM","20200831","1744.01","24F","DM","M","S","http://docquery.fec.gov/cgi-bin/fecimg/?202010149285801842","","F7","F76","EDFC1C9D07EC9446C9B9","4110520201890743166","1447933","2020","DELAWARE","Democratic Party",""
"C70002563","NATIONAL ASSOCIATION OF REALTORS","H2MO02102","WAGNER, ANN L.","H","MO","02","REP","20200921","6062.48","24F","DM","M","S","http://docquery.fec.gov/cgi-bin/fecimg/?202010149285801842","","F7","F76","E0057C6C5B94B42A8B60","4110520201890743167","1447933","2020","MISSOURI","Republican Party",""
"C70002563","NATIONAL ASSOCIATION OF REALTORS","S6ME00159","COLLINS, SUSAN M.","S","ME","00","REP","20200921","600","24F","DM","M","S","http://docquery.fec.gov/cgi-bin/fecimg/?202010149285801842","","F7","F76","E0D0D1119882D49ED845","4110520201890743168","1447933","2020","MAINE","Republican Party",""
"C70002563","NATIONAL ASSOCIATION OF REALTORS","H8CA48035","ROUDA, HARLEY E JR","H","CA","48","DEM","20200921","2753.66","24F","DM","M","S","http://docquery.fec.gov/cgi-bin/fecimg/?202010149285801842","","F7","F76","E5FFCD82D849549CD9B1","4110520201890743169","1447933","2020","CALIFORNIA","Democratic Party",""
"C70002563","NATIONAL ASSOCIATION OF REALTORS","H8CA48035","ROUDA, HARLEY E JR","H","CA","48","DEM","20200921","600","24F","DM","M","S","http://docquery.fec.gov/cgi-bin/fecimg/?202010149285801843","","F7","F76","E3CCB3D4369234866817","4110520201890743170","1447933","2020","CALIFORNIA","Democratic Party",""
"C70002563","NATIONAL ASSOCIATION OF REALTORS","H0CA53115","JACOBS, SARA","H","CA","53","DEM","20200921","4704.9","24F","DM","M","S","http://docquery.fec.gov/cgi-bin/fecimg/?202010149285801843","","F7","F76","E4B936827976E4C5AA0E","4110520201890743171","1447933","2020","CALIFORNIA","Democratic Party",""
"C70002563","NATIONAL ASSOCIATION OF REALTORS","S6ME00159","COLLINS, SUSAN M.","S","ME","00","REP","20200921","335.65","24F","DM","M","S","http://docquery.fec.gov/cgi-bin/fecimg/?202010149285801843","","F7","F76","E3E13A8B5035D4A3DAB0","4110520201890743172","1447933","2020","MAINE","Republican Party",""
"C70002563","NATIONAL ASSOCIATION OF REALTORS","H0CA53115","JACOBS, SARA","H","CA","53","DEM","20200921","600","24F","DM","M","S","http://docquery.fec.gov/cgi-bin/fecimg/?202010149285801843","","F7","F76","E7491711443034F838E8","4110520201890743173","1447933","2020","CALIFORNIA","Democratic Party",""
"C70002563","NATIONAL ASSOCIATION OF REALTORS","H2MO02102","WAGNER, ANN L.","H","MO","02","REP","20200921","1200","24F","DM","M","S","http://docquery.fec.gov/cgi-bin/fecimg/?202010149285801843","","F7","F76","E60F3B96C73494CB3BAE","4110520201890743174","1447933","2020","MISSOURI","Republican Party",""
"C70002563","NATIONAL ASSOCIATION OF REALTORS","H8CA39174","CISNEROS, GILBERT","H","CA","39","DEM","20200921","4004.02","24F","DM","M","S","http://docquery.fec.gov/cgi-bin/fecimg/?202010149285801844","","F7","F76","E74B2854C256F436FBE4","4110520201890743175","1447933","2020","CALIFORNIA","Democratic Party",""
"C70002563","NATIONAL ASSOCIATION OF REALTORS","H2MO02102","WAGNER, ANN L.","H","MO","02","REP","20200921","561.75","24F","DM","M","S","http://docquery.fec.gov/cgi-bin/fecimg/?202010149285801844","","F7","F76","E2C0647C09C7A4C6EB5A","4110520201890743176","1447933","2020","MISSOURI","Republican Party",""
"C70002563","NATIONAL ASSOCIATION OF REALTORS","H0CA53115","JACOBS, SARA","H","CA","53","DEM","20200921","724.95","24F","DM","M","S","http://docquery.fec.gov/cgi-bin/fecimg/?202010149285801844","","F7","F76","ED46BC2BA73D347DA976","4110520201890743177","1447933","2020","CALIFORNIA","Democratic Party",""
"C70002563","NATIONAL ASSOCIATION OF REALTORS","H8CA39174","CISNEROS, GILBERT","H","CA","39","DEM","20200921","600","24F","DM","M","S","http://docquery.fec.gov/cgi-bin/fecimg/?202010149285801844","","F7","F76","E975A19F33FE6483B99B","4110520201890743178","1447933","2020","CALIFORNIA","Democratic Party",""
"C70002563","NATIONAL ASSOCIATION OF REALTORS","H8CA48035","ROUDA, HARLEY E JR","H","CA","48","DEM","20200921","492.85","24F","DM","M","S","http://docquery.fec.gov/cgi-bin/fecimg/?202010149285801844","","F7","F76","E092FED5D812846B09F2","4110520201890743179","1447933","2020","CALIFORNIA","Democratic Party",""
"C70002563","NATIONAL ASSOCIATION OF REALTORS","H8CA39174","CISNEROS, GILBERT","H","CA","39","DEM","20200921","519.95","24F","DM","M","S","http://docquery.fec.gov/cgi-bin/fecimg/?202010149285801845","","F7","F76","EB386E28FD8B6461B953","4110520201890743180","1447933","2020","CALIFORNIA","Democratic Party",""
"C70002563","NATIONAL ASSOCIATION OF REALTORS","S6ME00159","COLLINS, SUSAN M.","S","ME","00","REP","20200921","3143.93","24F","DM","M","S","http://docquery.fec.gov/cgi-bin/fecimg/?202010149285801845","","F7","F76","EF802AD0DBAF34032AE6","4110520201890743181","1447933","2020","MAINE","Republican Party",""
"C70002563","NATIONAL ASSOCIATION OF REALTORS","S8AZ00221","MCSALLY, MARTHA","S","AZ","00","REP","20200928","600","24F","DM","M","S","http://docquery.fec.gov/cgi-bin/fecimg/?202010149285801845","","F7","F76","E68B69AEE831042CFBC8","4110520201890743182","1447933","2020","ARIZONA","Republican Party",""
"C70002563","NATIONAL ASSOCIATION OF REALTORS","H2IL13120","DAVIS, RODNEY L","H","IL","13","REP","20200928","380.75","24F","DM","M","S","http://docquery.fec.gov/cgi-bin/fecimg/?202010149285801845","","F7","F76","E4D3E2ED40CC643E8A0A","4110520201890743183","1447933","2020","ILLINOIS","Republican Party",""
"C70002563","NATIONAL ASSOCIATION OF REALTORS","H6NE02125","BACON, DONALD J","H","NE","02","REP","20200928","474.15","24F","DM","M","S","http://docquery.fec.gov/cgi-bin/fecimg/?202010149285801845","","F7","F76","E81B7B7D33BAD437DA76","4110520201890743184","1447933","2020","NEBRASKA","Republican Party",""
"C70002563","NATIONAL ASSOCIATION OF REALTORS","S2MT00096","DAINES, STEVE","S","MT","00","REP","20200928","3736.93","24F","DM","M","S","http://docquery.fec.gov/cgi-bin/fecimg/?202010149285801846","","F7","F76","E36AC00DB6681498ABEE","4110520201890743185","1447933","2020","MONTANA","Republican Party",""
"C70002563","NATIONAL ASSOCIATION OF REALTORS","S2MT00096","DAINES, STEVE","S","MT","00","REP","20200928","600","24F","DM","M","S","http://docquery.fec.gov/cgi-bin/fecimg/?202010149285801846","","F7","F76","EA043A5D741AF4162839","4110520201890743186","1447933","2020","MONTANA","Republican Party",""
"C70002563","NATIONAL ASSOCIATION OF REALTORS","H2IL13120","DAVIS, RODNEY L","H","IL","13","REP","20200928","600","24F","DM","M","S","http://docquery.fec.gov/cgi-bin/fecimg/?202010149285801846","","F7","F76","E1DEADA01ABB44174B20","4110520201890743187","1447933","2020","ILLINOIS","Republican Party",""
"C70002563","NATIONAL ASSOCIATION OF REALTORS","S4GA11285","PERDUE, DAVID","S","GA","00","REP","20200928","26400.13","24F","DM","M","S","http://docquery.fec.gov/cgi-bin/fecimg/?202010149285801846","","F7","F76","E8944CA567F704298B2C","4110520201890743188","1447933","2020","GEORGIA","Republican Party",""
"C70000716","NATIONAL RIFLE ASSOCIATION INSTITUTE FOR LEGISLATIVE ACTION","H8CA39240","KIM, YOUNG","H","CA","39","REP","20200928","1824.82","24F","DM","M","S","http://docquery.fec.gov/cgi-bin/fecimg/?202010159294782737","","F7","F76","F76.6187","4110720201891603156","1451352","2020","CALIFORNIA","Republican Party",""
"C70000716","NATIONAL RIFLE ASSOCIATION INSTITUTE FOR LEGISLATIVE ACTION","H0CA25105","GARCIA, MICHAEL","H","CA","25","REP","20200413","3066.57","24F","DM","M","S","http://docquery.fec.gov/cgi-bin/fecimg/?202007159245041645","","F7","F76","F76.6175","4071720201790994154","1423694","2020","CALIFORNIA","Republican Party",""
"C70000716","NATIONAL RIFLE ASSOCIATION INSTITUTE FOR LEGISLATIVE ACTION","H0KS01123","MANN, TRACEY ROBERT","H","KS","01","REP","20200731","828.45","24F","DM","M","S","http://docquery.fec.gov/cgi-bin/fecimg/?202010159294782737","","F7","F76","F76.6205","4110720201891603158","1451352","2020","KANSAS","Republican Party",""
"C70000716","NATIONAL RIFLE ASSOCIATION INSTITUTE FOR LEGISLATIVE ACTION","H6KS01179","MARSHALL, ROGER W","S","KS","00","REP","20200918","10407.79","24F","DM","M","S","http://docquery.fec.gov/cgi-bin/fecimg/?202010159294782737","","F7","F76","F76.6201","4110720201891603159","1451352","2020","KANSAS","Republican Party",""
"C70000716","NATIONAL RIFLE ASSOCIATION INSTITUTE FOR LEGISLATIVE ACTION","H0PA17115","PARNELL, RICHARD SEAN","H","PA","17","REP","20200924","2916.94","24F","DM","M","S","http://docquery.fec.gov/cgi-bin/fecimg/?202010159294782738","","F7","F76","F76.6179","4110720201891603160","1451352","2020","PENNSYLVANIA","Republican Party",""
"C70000716","NATIONAL RIFLE ASSOCIATION INSTITUTE FOR LEGISLATIVE ACTION","H2PA04135","PERRY, SCOTT","H","PA","10","REP","20200924","2916.94","24F","DM","M","S","http://docquery.fec.gov/cgi-bin/fecimg/?202010159294782738","","F7","F76","F76.6178","4110720201891603161","1451352","2020","PENNSYLVANIA","Republican Party",""
"C70000716","NATIONAL RIFLE ASSOCIATION INSTITUTE FOR LEGISLATIVE ACTION","S8ID00092","RISCH, JAMES E","S","ID","00","REP","20200925","1269.32","24F","DM","M","S","http://docquery.fec.gov/cgi-bin/fecimg/?202010159294782738","","F7","F76","F76.6193","4110720201891603162","1451352","2020","IDAHO","Republican Party",""
"C70000716","NATIONAL RIFLE ASSOCIATION INSTITUTE FOR LEGISLATIVE ACTION","S0NM00124","RONCHETTI, MARK V.","S","NM","00","REP","20200929","4350.66","24F","DM","M","S","http://docquery.fec.gov/cgi-bin/fecimg/?202010159294782738","","F7","F76","F76.6209","4110720201891603163","1451352","2020","NEW MEXICO","Republican Party",""
"C70000716","NATIONAL RIFLE ASSOCIATION INSTITUTE FOR LEGISLATIVE ACTION","S4SD00049","ROUNDS, MIKE","S","SD","00","REP","20200925","886.66","24F","DM","M","S","http://docquery.fec.gov/cgi-bin/fecimg/?202010159294782738","","F7","F76","F76.6195","4110720201891603164","1451352","2020","SOUTH DAKOTA","Republican Party",""
"C70000716","NATIONAL RIFLE ASSOCIATION INSTITUTE FOR LEGISLATIVE ACTION","H0CA48198","STEEL, MICHELLE","H","CA","48","REP","20200928","1844.79","24F","DM","M","S","http://docquery.fec.gov/cgi-bin/fecimg/?202010159294782739","","F7","F76","F76.6188","4110720201891603165","1451352","2020","CALIFORNIA","Republican Party",""
"C70000716","NATIONAL RIFLE ASSOCIATION INSTITUTE FOR LEGISLATIVE ACTION","S4AK00214","SULLIVAN, DAN","S","AK","00","REP","20200928","2688.89","24F","DM","M","S","http://docquery.fec.gov/cgi-bin/fecimg/?202010159294782739","","F7","F76","F76.6192","4110720201891603166","1451352","2020","ALASKA","Republican Party",""
"C70000716","NATIONAL RIFLE ASSOCIATION INSTITUTE FOR LEGISLATIVE ACTION","S4NC00162","TILLIS, THOM R. SEN.","S","NC","00","REP","20200926","21726.44","24F","DM","M","S","http://docquery.fec.gov/cgi-bin/fecimg/?202010159294782739","","F7","F76","F76.6200","4110720201891603167","1451352","2020","NORTH CAROLINA","Republican Party",""
"C70000716","NATIONAL RIFLE ASSOCIATION INSTITUTE FOR LEGISLATIVE ACTION","P80001571","TRUMP, DONALD J.","P","US","00","REP","20200716","5633.35","24F","O","M","S","http://docquery.fec.gov/cgi-bin/fecimg/?202010159294782739","","F7","F76","F76.6215","4110720201891603168","1451352","2020","UNITED STATES","Republican Party",""
"C70000716","NATIONAL RIFLE ASSOCIATION INSTITUTE FOR LEGISLATIVE ACTION","P80001571","TRUMP, DONALD J.","P","US","00","REP","20200928","45551.67","24F","DM","M","S","http://docquery.fec.gov/cgi-bin/fecimg/?202010159294782739","","F7","F76","F76.6214","4110720201891603169","1451352","2020","UNITED STATES","Republican Party",""
"C70000716","NATIONAL RIFLE ASSOCIATION INSTITUTE FOR LEGISLATIVE ACTION","H2CA20094","VALADAO, DAVID","H","CA","21","REP","20200928","1784.13","24F","DM","M","S","http://docquery.fec.gov/cgi-bin/fecimg/?202010159294782740","","F7","F76","F76.6185","4110720201891603170","1451352","2020","CALIFORNIA","Republican Party",""
"C70000716","NATIONAL RIFLE ASSOCIATION INSTITUTE FOR LEGISLATIVE ACTION","H6AK00045","YOUNG, DONALD E","H","AK","00","REP","20200928","2688.89","24F","DM","M","S","http://docquery.fec.gov/cgi-bin/fecimg/?202010159294782740","","F7","F76","F76.6191","4110720201891603171","1451352","2020","ALASKA","Republican Party",""
"C70000716","NATIONAL RIFLE ASSOCIATION INSTITUTE FOR LEGISLATIVE ACTION","H0KS03236","ADKINS, AMANDA","H","KS","03","REP","20200918","791.33","24F","DM","M","S","http://docquery.fec.gov/cgi-bin/fecimg/?202010159294782735","","F7","F76","F76.6203","4110720201891603148","1451352","2020","KANSAS","Republican Party",""
"C70000716","NATIONAL RIFLE ASSOCIATION INSTITUTE FOR LEGISLATIVE ACTION","H0NC09187","BISHOP, JAMES DANIEL","H","NC","09","REP","20200930","11179.13","24F","DM","M","S","http://docquery.fec.gov/cgi-bin/fecimg/?202010159294782735","","F7","F76","F76.6207","4110720201891603149","1451352","2020","NORTH CAROLINA","Republican Party",""
"C70000716","NATIONAL RIFLE ASSOCIATION INSTITUTE FOR LEGISLATIVE ACTION","S2MT00096","DAINES, STEVE","S","MT","00","REP","20200922","3625.46","24F","DM","M","S","http://docquery.fec.gov/cgi-bin/fecimg/?202010159294782736","","F7","F76","F76.6181","4110720201891603150","1451352","2020","MONTANA","Republican Party",""
"C70000716","NATIONAL RIFLE ASSOCIATION INSTITUTE FOR LEGISLATIVE ACTION","S4IA00129","ERNST, JONI K","S","IA","00","REP","20200915","503.26","24F","DM","M","S","http://docquery.fec.gov/cgi-bin/fecimg/?202010159294782736","","F7","F76","F76.6212","4110720201891603151","1451352","2020","IOWA","Republican Party",""
"C70000716","NATIONAL RIFLE ASSOCIATION INSTITUTE FOR LEGISLATIVE ACTION","H8KS04112","ESTES, RON","H","KS","04","REP","20200918","791.33","24F","DM","M","S","http://docquery.fec.gov/cgi-bin/fecimg/?202010159294782736","","F7","F76","F76.6202","4110720201891603152","1451352","2020","KANSAS","Republican Party",""
"C70000716","NATIONAL RIFLE ASSOCIATION INSTITUTE FOR LEGISLATIVE ACTION","H0CA25105","GARCIA, MICHAEL","H","CA","25","REP","20200928","1853.28","24F","DM","M","S","http://docquery.fec.gov/cgi-bin/fecimg/?202010159294782736","","F7","F76","F76.6186","4110720201891603153","1451352","2020","CALIFORNIA","Republican Party",""
"C70000716","NATIONAL RIFLE ASSOCIATION INSTITUTE FOR LEGISLATIVE ACTION","S0SC00149","GRAHAM, LINDSEY O.","S","SC","00","REP","20200928","5156.38","24F","DM","M","S","http://docquery.fec.gov/cgi-bin/fecimg/?202010159294782736","","F7","F76","F76.6184","4110720201891603154","1451352","2020","SOUTH CAROLINA","Republican Party",""
"C70000716","NATIONAL RIFLE ASSOCIATION INSTITUTE FOR LEGISLATIVE ACTION","H0CA50178","ISSA, DARRELL","H","CA","50","REP","20200928","1895.71","24F","DM","M","S","http://docquery.fec.gov/cgi-bin/fecimg/?202010159294782737","","F7","F76","F76.6190","4110720201891603155","1451352","2020","CALIFORNIA","Republican Party",""
"C70000716","NATIONAL RIFLE ASSOCIATION INSTITUTE FOR LEGISLATIVE ACTION","H0NC09187","BISHOP, JAMES DANIEL","H","NC","09","REP","20190819","3476.82","24F","DM","M","S","http://docquery.fec.gov/cgi-bin/fecimg/?201910159163974469","","F7","F76","F76.6155","4101620191674360548","1357914","2019","NORTH CAROLINA","Republican Party",""
"C70000716","NATIONAL RIFLE ASSOCIATION INSTITUTE FOR LEGISLATIVE ACTION","H6TX12060","GRANGER, KAY","H","TX","12","REP","20200214","939.78","24F","DM","M","S","http://docquery.fec.gov/cgi-bin/fecimg/?202004089216613725","","F7","F76","F76.6161","4040820201734935148","1394017","2020","TEXAS","Republican Party",""
"C70000716","NATIONAL RIFLE ASSOCIATION INSTITUTE FOR LEGISLATIVE ACTION","H0WI07101","TIFFANY, TOM","H","WI","07","REP","20200214","1234.65","24F","DM","M","S","http://docquery.fec.gov/cgi-bin/fecimg/?202004089216613725","","F7","F76","F76.6172","4040820201734935149","1394017","2020","WISCONSIN","Republican Party",""
"C70000716","NATIONAL RIFLE ASSOCIATION INSTITUTE FOR LEGISLATIVE ACTION","H0SC01394","MACE, NANCY","H","SC","01","REP","20200928","5156.38","24F","DM","M","S","http://docquery.fec.gov/cgi-bin/fecimg/?202010159294782737","","F7","F76","F76.6182","4110720201891603157","1451352","2020","SOUTH CAROLINA","Republican Party",""
"C70001318","SIERRA CLUB","H8VA10106","WEXTON, JENNIFER","H","VA","10","DEM","20200930","506.25","24F","O","M","S","http://docquery.fec.gov/cgi-bin/fecimg/?202010159295436393","","F7","F76","VVAJ5AQA316","4110420201890707206","1452291","2020","VIRGINIA","Democratic Party",""
"C70001318","SIERRA CLUB","H8NM02248","TORRES SMALL, XOCHITL","H","NM","02","DEM","20200930","506.25","24F","O","M","S","http://docquery.fec.gov/cgi-bin/fecimg/?202010159295436393","","F7","F76","VVAJ5AQA2R5","4110420201890707207","1452291","2020","NEW MEXICO","Democratic Party",""
"C70001318","SIERRA CLUB","P80001571","TRUMP, DONALD J.","P","US","00","REP","20200430","6420.12","24N","O","M","O","http://docquery.fec.gov/cgi-bin/fecimg/?202007159249692185","","F7","F76","VVAJ5APZ4H6","4071720201790994148","1424193","2020","UNITED STATES","Republican Party",""
"C70001318","SIERRA CLUB","P80001571","TRUMP, DONALD J.","P","US","00","REP","20200531","7953.21","24N","O","M","O","http://docquery.fec.gov/cgi-bin/fecimg/?202007159249692186","","F7","F76","VVAJ5APZ4J4","4071720201790994150","1424193","2020","UNITED STATES","Republican Party",""
"C70001318","SIERRA CLUB","P80001571","TRUMP, DONALD J.","P","US","00","REP","20200630","13442.81","24N","O","M","O","http://docquery.fec.gov/cgi-bin/fecimg/?202007159249692186","","F7","F76","VVAJ5APZ4K2","4071720201790994152","1424193","2020","UNITED STATES","Republican Party",""
"C70001318","SIERRA CLUB","H8IL03102","NEWMAN, MARIE","H","IL","03","DEM","20200229","1690","24F","O","M","S","http://docquery.fec.gov/cgi-bin/fecimg/?202004159216780767","","F7","F76","VVAJ5APPYF4","4041520201736795149","1397794","2020","ILLINOIS","Democratic Party",""
"C70001318","SIERRA CLUB","H8IL14067","FOSTER, G. WILLIAM (BILL)","H","IL","11","DEM","20200315","26","24F","O","M","S","http://docquery.fec.gov/cgi-bin/fecimg/?202004159216780768","","F7","F76","VVAJ5APPYJ8","4041520201736795150","1397794","2020","ILLINOIS","Democratic Party",""
"C70001318","SIERRA CLUB","H8IL03102","NEWMAN, MARIE","H","IL","03","DEM","20200315","1315.6","24F","O","M","S","http://docquery.fec.gov/cgi-bin/fecimg/?202004159216780768","","F7","F76","VVAJ5APPYG2","4041520201736795151","1397794","2020","ILLINOIS","Democratic Party",""
"C70001318","SIERRA CLUB","H8IL03102","NEWMAN, MARIE","H","IL","03","DEM","20200331","187.2","24F","O","M","S","http://docquery.fec.gov/cgi-bin/fecimg/?202004159216780768","","F7","F76","VVAJ5APPYH0","4041520201736795152","1397794","2020","ILLINOIS","Democratic Party",""
"C70001318","SIERRA CLUB","H8IL03102","NEWMAN, MARIE","H","IL","03","DEM","20200215","403","24F","O","M","S","http://docquery.fec.gov/cgi-bin/fecimg/?202004159216780767","","F7","F76","VVAJ5APPYE6","4041520201736795148","1397794","2020","ILLINOIS","Democratic Party",""
"C70001318","SIERRA CLUB","H0NM03102","LEGER, TERESA","H","NM","03","DEM","20200503","4.47","24F","O","M","S","http://docquery.fec.gov/cgi-bin/fecimg/?202007159249692185","","F7","F76","VVAJ5APZ4N8","4071720201790994149","1424193","2020","NEW MEXICO","Democratic Party",""
"C70001318","SIERRA CLUB","H8TX10110","SIEGEL, MICHAEL","H","TX","10","DEM","20200626","49.68","24F","O","M","S","http://docquery.fec.gov/cgi-bin/fecimg/?202007159249692186","","F7","F76","VVAJ5APZ4P6","4071720201790994151","1424193","2020","TEXAS","Democratic Party",""
"C70001318","SIERRA CLUB","H8NY27176","MCMURRAY, NATHAN","H","NY","27","DEM","20200630","2596.67","24F","O","M","S","http://docquery.fec.gov/cgi-bin/fecimg/?202007159249692186","","F7","F76","VVAJ5APZ4M0","4071720201790994153","1424193","2020","NEW YORK","Democratic Party",""
"C70001318","SIERRA CLUB","H0WA10075","DOGLIO, BETH","H","WA","10","DEM","20200701","112.65","24F","DM","M","S","http://docquery.fec.gov/cgi-bin/fecimg/?202010159295436381","","F7","F76","VVAJ5AQA1H7","4110420201890707148","1452291","2020","WASHINGTON","Democratic Party",""
"C70001318","SIERRA CLUB","H2AZ07070","GRIJALVA, RAUL M","H","AZ","03","DEM","20200706","799.22","24F","DM","M","S","http://docquery.fec.gov/cgi-bin/fecimg/?202010159295436381","","F7","F76","VVAJ5AQA1C7","4110420201890707149","1452291","2020","ARIZONA","Democratic Party",""
"C70001318","SIERRA CLUB","H4AZ07043","GALLEGO, RUBEN","H","AZ","07","DEM","20200706","799.22","24F","DM","M","S","http://docquery.fec.gov/cgi-bin/fecimg/?202010159295436382","","F7","F76","VVAJ5AQA1D5","4110420201890707150","1452291","2020","ARIZONA","Democratic Party",""
"C70001318","SIERRA CLUB","S0AZ00350","KELLY, MARK","S","AZ","00","DEM","20200706","799.22","24F","DM","M","S","http://docquery.fec.gov/cgi-bin/fecimg/?202010159295436382","","F7","F76","VVAJ5AQA1B9","4110420201890707151","1452291","2020","ARIZONA","Democratic Party",""
"C70001318","SIERRA CLUB","H0AZ08072","MUSCATO, MICHAEL ARCHANGEL","H","AZ","08","DEM","20200706","799.22","24F","DM","M","S","http://docquery.fec.gov/cgi-bin/fecimg/?202010159295436382","","F7","F76","VVAJ5AQA1E3","4110420201890707152","1452291","2020","ARIZONA","Democratic Party",""
"C70001318","SIERRA CLUB","H8AZ09040","STANTON, GREG","H","AZ","09","DEM","20200706","799.22","24F","DM","M","S","http://docquery.fec.gov/cgi-bin/fecimg/?202010159295436382","","F7","F76","VVAJ5AQA1F1","4110420201890707153","1452291","2020","ARIZONA","Democratic Party",""
"C70001318","SIERRA CLUB","H0WA10075","DOGLIO, BETH","H","WA","10","DEM","20200721","1306.23","24F","DM","M","S","http://docquery.fec.gov/cgi-bin/fecimg/?202010159295436382","","F7","F76","VVAJ5AQA1G9","4110420201890707154","1452291","2020","WASHINGTON","Democratic Party",""
"C70001318","SIERRA CLUB","P80000722","BIDEN, JOSEPH R JR","P","US","00","DEM","20200731","16887.2","24F","O","M","S","http://docquery.fec.gov/cgi-bin/fecimg/?202010159295436383","","F7","F76","VVAJ5AQA112","4110420201890707155","1452291","2020","UNITED STATES","Democratic Party",""
"C70001318","SIERRA CLUB","H8NY27176","MCMURRAY, NATHAN","H","NY","27","DEM","20200731","268.71","24F","O","M","S","http://docquery.fec.gov/cgi-bin/fecimg/?202010159295436383","","F7","F76","VVAJ5AQA160","4110420201890707156","1452291","2020","NEW YORK","Democratic Party",""
"C70001318","SIERRA CLUB","P80000722","BIDEN, JOSEPH R JR","P","US","00","DEM","20200831","12392.37","24F","O","M","S","http://docquery.fec.gov/cgi-bin/fecimg/?202010159295436383","","F7","F76","VVAJ5AQA120","4110420201890707158","1452291","2020","UNITED STATES","Democratic Party",""
"C70001318","SIERRA CLUB","H8NY27176","MCMURRAY, NATHAN","H","NY","27","DEM","20200831","44.46","24F","O","M","S","http://docquery.fec.gov/cgi-bin/fecimg/?202010159295436383","","F7","F76","VVAJ5AQA178","4110420201890707159","1452291","2020","NEW YORK","Democratic Party",""
"C70001318","SIERRA CLUB","H8NY21245","COBB, TEDRA","H","NY","21","DEM","20200903","122.14","24F","DM","M","S","http://docquery.fec.gov/cgi-bin/fecimg/?202010159295436384","","F7","F76","VVAJ5AQA1J5","4110420201890707160","1452291","2020","NEW YORK","Democratic Party",""
"C70001318","SIERRA CLUB","H0IL16184","BRZOZOWSKI, DANI","H","IL","16","DEM","20200909","850.58","24F","O","M","S","http://docquery.fec.gov/cgi-bin/fecimg/?202010159295436384","","F7","F76","VVAJ5AQA1Q4","4110420201890707161","1452291","2020","ILLINOIS","Democratic Party",""
"C70001318","SIERRA CLUB","P80000722","BIDEN, JOSEPH R JR","P","US","00","DEM","20200930","16985.95","24F","O","M","S","http://docquery.fec.gov/cgi-bin/fecimg/?202010159295436384","","F7","F76","VVAJ5AQA138","4110420201890707162","1452291","2020","UNITED STATES","Democratic Party",""
"C70001318","SIERRA CLUB","P80000722","BIDEN, JOSEPH R JR","P","US","00","DEM","20200930","169.95","24F","DM","M","S","http://docquery.fec.gov/cgi-bin/fecimg/?202010159295436384","","F7","F76","VVAJ5AQA144","4110420201890707163","1452291","2020","UNITED STATES","Democratic Party",""
"C70001318","SIERRA CLUB","P80000722","BIDEN, JOSEPH R JR","P","US","00","DEM","20200930","506.25","24F","O","M","S","http://docquery.fec.gov/cgi-bin/fecimg/?202010159295436384","","F7","F76","VVAJ5AQA1S0","4110420201890707164","1452291","2020","UNITED STATES","Democratic Party",""
"C70001318","SIERRA CLUB","H0CA04175","KENNEDY, BRYNNE","H","CA","04","DEM","20200930","169.95","24F","DM","M","S","http://docquery.fec.gov/cgi-bin/fecimg/?202010159295436385","","F7","F76","VVAJ5AQA1K2","4110420201890707165","1452291","2020","CALIFORNIA","Democratic Party",""
"C70001318","SIERRA CLUB","H8GA07201","BOURDEAUX, CAROLYN","H","GA","07","DEM","20200930","506.25","24F","O","M","S","http://docquery.fec.gov/cgi-bin/fecimg/?202010159295436385","","F7","F76","VVAJ5AQA2B2","4110420201890707166","1452291","2020","GEORGIA","Democratic Party",""
"C70001318","SIERRA CLUB","H2PA17079","CARTWRIGHT, MATTHEW A.","H","PA","08","DEM","20200930","506.25","24F","O","M","S","http://docquery.fec.gov/cgi-bin/fecimg/?202010159295436385","","F7","F76","VVAJ5AQA2V8","4110420201890707167","1452291","2020","PENNSYLVANIA","Democratic Party",""
"C70001318","SIERRA CLUB","H8IL06139","CASTEN, SEAN","H","IL","06","DEM","20200930","506.25","24F","O","M","S","http://docquery.fec.gov/cgi-bin/fecimg/?202010159295436385","","F7","F76","VVAJ5AQA2C0","4110420201890707168","1452291","2020","ILLINOIS","Democratic Party",""
"C70001318","SIERRA CLUB","H0CA08101","BUBSER, CHRISTINE","H","CA","08","DEM","20200930","839.9","24F","O","M","S","http://docquery.fec.gov/cgi-bin/fecimg/?202010159295436385","","F7","F76","VVAJ5AQA1M0","4110420201890707169","1452291","2020","CALIFORNIA","Democratic Party",""
"C70001318","SIERRA CLUB","H8NH01210","PAPPAS, CHRIS","H","NH","01","DEM","20200930","506.25","24F","O","M","S","http://docquery.fec.gov/cgi-bin/fecimg/?202010159295436386","","F7","F76","VVAJ5AQA2P9","4110420201890707170","1452291","2020","NEW HAMPSHIRE","Democratic Party",""
"C70001318","SIERRA CLUB","H8IA03124","AXNE, CINDY","H","IA","03","DEM","20200930","506.25","24F","O","M","S","http://docquery.fec.gov/cgi-bin/fecimg/?202010159295436386","","F7","F76","VVAJ5AQA2F4","4110420201890707171","1452291","2020","IOWA","Democratic Party",""
"C70001318","SIERRA CLUB","H8CA39174","CISNEROS, GILBERT","H","CA","39","DEM","20200930","506.25","24F","O","M","S","http://docquery.fec.gov/cgi-bin/fecimg/?202010159295436386","","F7","F76","VVAJ5AQA205","4110420201890707172","1452291","2020","CALIFORNIA","Democratic Party",""
"C70001318","SIERRA CLUB","H8ME02185","GOLDEN, JARED","H","ME","02","DEM","20200930","506.25","24F","O","M","S","http://docquery.fec.gov/cgi-bin/fecimg/?202010159295436386","","F7","F76","VVAJ5AQA2G2","4110420201890707173","1452291","2020","MAINE","Democratic Party",""
"C70001318","SIERRA CLUB","H8FL26039","MUCARSEL-POWELL, DEBBIE","H","FL","26","DEM","20200930","506.25","24F","O","M","S","http://docquery.fec.gov/cgi-bin/fecimg/?202010159295436386","","F7","F76","VVAJ5AQA296","4110420201890707174","1452291","2020","FLORIDA","Democratic Party",""
"C70001318","SIERRA CLUB","H0PA10110","DEPASQUALE, EUGENE","H","PA","10","DEM","20200930","506.25","24F","O","M","S","http://docquery.fec.gov/cgi-bin/fecimg/?202010159295436387","","F7","F76","VVAJ5AQA2W6","4110420201890707175","1452291","2020","PENNSYLVANIA","Democratic Party",""
"C70001318","SIERRA CLUB","H8CO03192","BUSH, DIANE MITSCH MS.","H","CO","03","DEM","20200930","332.52","24F","O","M","S","http://docquery.fec.gov/cgi-bin/fecimg/?202010159295436387","","F7","F76","VVAJ5AQA193","4110420201890707176","1452291","2020","COLORADO","Democratic Party",""
"C70001318","SIERRA CLUB","H8CO03192","BUSH, DIANE MITSCH MS.","H","CO","03","DEM","20200930","506.25","24F","O","M","S","http://docquery.fec.gov/cgi-bin/fecimg/?202010159295436387","","F7","F76","VVAJ5AQA263","4110420201890707177","1452291","2020","COLORADO","Democratic Party",""
"C70001318","SIERRA CLUB","H0VA05145","WEBB, BRYANT CAMERON DR.","H","VA","05","DEM","20200930","32.24","24F","O","M","S","http://docquery.fec.gov/cgi-bin/fecimg/?202010159295436387","","F7","F76","VVAJ5AQA1N8","4110420201890707178","1452291","2020","VIRGINIA","Democratic Party",""
"C70001318","SIERRA CLUB","H0VA05145","WEBB, BRYANT CAMERON DR.","H","VA","05","DEM","20200930","506.25","24F","O","M","S","http://docquery.fec.gov/cgi-bin/fecimg/?202010159295436387","","F7","F76","VVAJ5AQA2Z0","4110420201890707179","1452291","2020","VIRGINIA","Democratic Party",""
"C70001318","SIERRA CLUB","H8VA02111","LURIA, ELAINE","H","VA","02","DEM","20200930","506.25","24F","O","M","S","http://docquery.fec.gov/cgi-bin/fecimg/?202010159295436388","","F7","F76","VVAJ5AQA2Y2","4110420201890707180","1452291","2020","VIRGINIA","Democratic Party",""
"C70001318","SIERRA CLUB","H8MI08102","SLOTKIN, ELISSA","H","MI","08","DEM","20200930","506.25","24F","O","M","S","http://docquery.fec.gov/cgi-bin/fecimg/?202010159295436388","","F7","F76","VVAJ5AQA2J7","4110420201890707181","1452291","2020","MICHIGAN","Democratic Party",""
"C70001318","SIERRA CLUB","H8IA01094","FINKENAUER, ABBY","H","IA","01","DEM","20200930","506.25","24F","O","M","S","http://docquery.fec.gov/cgi-bin/fecimg/?202010159295436388","","F7","F76","VVAJ5AQA2E6","4110420201890707182","1452291","2020","IOWA","Democratic Party",""
"C70001318","SIERRA CLUB","H8GA06393","MCBATH, LUCIA KAY MS.","H","GA","06","DEM","20200930","506.25","24F","O","M","S","http://docquery.fec.gov/cgi-bin/fecimg/?202010159295436388","","F7","F76","VVAJ5AQA2A4","4110420201890707183","1452291","2020","GEORGIA","Democratic Party",""
"C70001318","SIERRA CLUB","H8MI11254","STEVENS, HALEY","H","MI","11","DEM","20200930","506.25","24F","O","M","S","http://docquery.fec.gov/cgi-bin/fecimg/?202010159295436388","","F7","F76","VVAJ5AQA2K5","4110420201890707184","1452291","2020","MICHIGAN","Democratic Party",""
"C70001318","SIERRA CLUB","H8CA48035","ROUDA, HARLEY E JR","H","CA","48","DEM","20200930","506.25","24F","O","M","S","http://docquery.fec.gov/cgi-bin/fecimg/?202010159295436389","","F7","F76","VVAJ5AQA221","4110420201890707185","1452291","2020","CALIFORNIA","Democratic Party",""
"C70001318","SIERRA CLUB","S0CO00575","HICKENLOOPER, JOHN W.","S","CO","00","DEM","20200930","506.25","24F","O","M","S","http://docquery.fec.gov/cgi-bin/fecimg/?202010159295436389","","F7","F76","VVAJ5AQA247","4110420201890707186","1452291","2020","COLORADO","Democratic Party",""
"C70001318","SIERRA CLUB","H8AZ08083","TIPIRNENI, HIRAL VYAS","H","AZ","06","DEM","20200930","506.25","24F","O","M","S","http://docquery.fec.gov/cgi-bin/fecimg/?202010159295436389","","F7","F76","VVAJ5AQA1W4","4110420201890707187","1452291","2020","ARIZONA","Democratic Party",""
"C70001318","SIERRA CLUB","H8CO06229","CROW, JASON","H","CO","06","DEM","20200930","506.25","24F","O","M","S","http://docquery.fec.gov/cgi-bin/fecimg/?202010159295436389","","F7","F76","VVAJ5AQA255","4110420201890707188","1452291","2020","COLORADO","Democratic Party",""
"C70001318","SIERRA CLUB","H8SC01116","CUNNINGHAM, JOE","H","SC","01","DEM","20200930","506.25","24F","O","M","S","http://docquery.fec.gov/cgi-bin/fecimg/?202010159295436389","","F7","F76","VVAJ5AQA2X4","4110420201890707189","1452291","2020","SOUTH CAROLINA","Democratic Party",""
"C70001318","SIERRA CLUB","H8CA10126","HARDER, JOSH","H","CA","10","DEM","20200930","506.25","24F","O","M","S","http://docquery.fec.gov/cgi-bin/fecimg/?202010159295436390","","F7","F76","VVAJ5AQA1Y9","4110420201890707190","1452291","2020","CALIFORNIA","Democratic Party",""
"C70001318","SIERRA CLUB","H8CA45130","PORTER, KATHERINE","H","CA","45","DEM","20200930","506.25","24F","O","M","S","http://docquery.fec.gov/cgi-bin/fecimg/?202010159295436390","","F7","F76","VVAJ5AQA213","4110420201890707191","1452291","2020","CALIFORNIA","Democratic Party",""
"C70001318","SIERRA CLUB","H8IL14174","UNDERWOOD, LAUREN","H","IL","14","DEM","20200930","506.25","24F","O","M","S","http://docquery.fec.gov/cgi-bin/fecimg/?202010159295436390","","F7","F76","VVAJ5AQA2D8","4110420201890707192","1452291","2020","ILLINOIS","Democratic Party",""
"C70001318","SIERRA CLUB","H0FL16094","GOOD, MARGARET ELIZABETH ROWELL","H","FL","16","DEM","20200930","506.25","24F","O","M","S","http://docquery.fec.gov/cgi-bin/fecimg/?202010159295436390","","F7","F76","VVAJ5AQA288","4110420201890707193","1452291","2020","FLORIDA","Democratic Party",""
"C70001318","SIERRA CLUB","S0AZ00350","KELLY, MARK","S","AZ","00","DEM","20200930","506.25","24F","O","M","S","http://docquery.fec.gov/cgi-bin/fecimg/?202010159295436390","","F7","F76","VVAJ5AQA1T8","4110420201890707194","1452291","2020","ARIZONA","Democratic Party",""
"C70001318","SIERRA CLUB","H8CA49058","LEVIN, MIKE","H","CA","49","DEM","20200930","506.25","24F","O","M","S","http://docquery.fec.gov/cgi-bin/fecimg/?202010159295436391","","F7","F76","VVAJ5AQA239","4110420201890707195","1452291","2020","CALIFORNIA","Democratic Party",""
"C70001318","SIERRA CLUB","H2NV04011","HORSFORD, STEVEN ALEXZANDER","H","NV","04","DEM","20200930","506.25","24F","O","M","S","http://docquery.fec.gov/cgi-bin/fecimg/?202010159295436391","","F7","F76","VVAJ5AQA2N1","4110420201890707196","1452291","2020","NEVADA","Democratic Party",""
"C70001318","SIERRA CLUB","H0NC08254","TIMMONS-GOODSON, PATRICIA","H","NC","08","DEM","20200930","506.25","24F","O","M","S","http://docquery.fec.gov/cgi-bin/fecimg/?202010159295436391","","F7","F76","VVAJ5AQA2S3","4110420201890707197","1452291","2020","NORTH CAROLINA","Democratic Party",""
"C70001318","SIERRA CLUB","S0NM00058","LUJAN, BEN RAY","S","NM","00","DEM","20200930","506.25","24F","O","M","S","http://docquery.fec.gov/cgi-bin/fecimg/?202010159295436391","","F7","F76","VVAJ5AQA2Q7","4110420201890707198","1452291","2020","NEW MEXICO","Democratic Party",""
"C70001318","SIERRA CLUB","S4MI00355","PETERS, GARY","S","MI","00","DEM","20200930","506.25","24F","O","M","S","http://docquery.fec.gov/cgi-bin/fecimg/?202010159295436391","","F7","F76","VVAJ5AQA2H9","4110420201890707199","1452291","2020","MICHIGAN","Democratic Party",""
"C70001318","SIERRA CLUB","H8VA07094","SPANBERGER, ABIGAIL","H","VA","07","DEM","20200930","506.25","24F","O","M","S","http://docquery.fec.gov/cgi-bin/fecimg/?202010159295436392","","F7","F76","VVAJ5AQA308","4110420201890707200","1452291","2020","VIRGINIA","Democratic Party",""
"C70001318","SIERRA CLUB","H6FL07140","MURPHY, STEPHANIE","H","FL","07","DEM","20200930","506.25","24F","O","M","S","http://docquery.fec.gov/cgi-bin/fecimg/?202010159295436392","","F7","F76","VVAJ5AQA270","4110420201890707201","1452291","2020","FLORIDA","Democratic Party",""
"C70001318","SIERRA CLUB","H8PA15229","WILD, SUSAN","H","PA","07","DEM","20200930","506.25","24F","O","M","S","http://docquery.fec.gov/cgi-bin/fecimg/?202010159295436392","","F7","F76","VVAJ5AQA2T1","4110420201890707202","1452291","2020","PENNSYLVANIA","Democratic Party",""
"C70001318","SIERRA CLUB","H8CA10167","COX, TERRENCE JOHN (TJ)","H","CA","21","DEM","20200930","506.25","24F","O","M","S","http://docquery.fec.gov/cgi-bin/fecimg/?202010159295436392","","F7","F76","VVAJ5AQA1Z7","4110420201890707204","1452291","2020","CALIFORNIA","Democratic Party",""
"C70001318","SIERRA CLUB","H6AZ01199","O'HALLERAN, TOM","H","AZ","01","DEM","20200930","506.25","24F","O","M","S","http://docquery.fec.gov/cgi-bin/fecimg/?202010159295436393","","F7","F76","VVAJ5AQA1V6","4110420201890707205","1452291","2020","ARIZONA","Democratic Party",""
